-- Datos de prueba para el sistema de comedor

-- Insertar roles
INSERT INTO Roles (nombreRol, descripcion, estado) VALUES 
('Administrador', 'Administrador del sistema', 'Activo'),
('Docente', 'Docente de la institución', 'Activo'),
('Alumno', 'Estudiante de la institución', 'Activo'),
('Cocinera', 'Personal de cocina', 'Activo');

-- =======================
-- Insertar personas
-- =======================

INSERT INTO Personas (nombreRol, nombre, apellido, dni, fechaNacimiento, genero, fechaAlta, estado) VALUES
('Docente',),
('Docente', );



INSERT INTO Personas (nombreRol, nombre, apellido, dni, fechaNacimiento, genero, fechaAlta, estado) VALUES

-- =======================
--        ALUMNOS
-- =======================

-- =======================
--        1° GRADO A
-- =======================

('Alumno','Valentina','Pérez',60110005,'2019-03-14','Femenina','2025-11-22','Activo'),
('Alumno','Isabella','Torres',60110006,'2019-06-07','Femenina','2025-11-22','Activo'),
('Alumno','Emma','Flores',60110007,'2019-09-28','Femenina','2025-11-22','Activo'),
('Alumno','Santiago','Gutiérrez',60110008,'2019-01-19','Masculino','2025-11-22','Activo'),
('Alumno','Lucas','Silva',60110009,'2019-07-30','Masculino','2025-11-22','Activo'),
('Alumno','Martina','Acosta',60110011,'2019-10-22','Femenina','2025-11-22','Activo'),
('Alumno','Lucía','Benítez',60110012,'2019-04-15','Femenina','2025-11-22','Activo'),
('Alumno','Agustín','Molina',60110013,'2019-09-04','Masculino','2025-11-22','Activo'),
('Alumno','Joaquín','Arias',60110014,'2019-02-26','Masculino','2025-11-22','Activo'),
('Alumno','Elena','Vera',60110015,'2019-06-17','Femenina','2025-11-22','Activo'),
('Alumno','Mía','Suárez',60110016,'2019-01-09','Femenina','2025-11-22','Activo'),
('Alumno','Valeria','Medina',60110017,'2019-03-29','Femenina','2025-11-22','Activo'),
('Alumno','Franco','Ríos',60110018,'2019-05-20','Masculino','2025-11-22','Activo'),
('Alumno','Tomás','Castro',60110019,'2019-07-13','Masculino','2025-11-22','Activo'),
('Alumno','Julieta','Herrera',60110020,'2019-11-03','Femenina','2025-11-22','Activo'),

-- =======================
--        1° GRADO B
-- =======================
('Alumno','Victoria','Morales',60120000,'2018-04-08','Femenina','2025-11-22','Activo'),
('Alumno','Renata','Cruz',60120001,'2018-08-23','Femenina','2025-11-22','Activo'),
('Alumno','Gabriel','Peña',60120002,'2018-01-18','Masculino','2025-11-22','Activo'),
('Alumno','Juan','Navarro',60120003,'2018-03-27','Masculino','2025-11-22','Activo'),
('Alumno','Bautista','Sosa',60120004,'2018-06-06','Masculino','2025-11-22','Activo'),
('Alumno','Lautaro','Cáceres',60120005,'2018-09-12','Masculino','2025-11-22','Activo'),
('Alumno','Ana','Ferreyra',60120006,'2018-11-25','Femenina','2025-11-22','Activo'),
('Alumno','Luana','Méndez',60120007,'2018-02-14','Femenina','2025-11-22','Activo'),
('Alumno','Chloe','Vázquez',60120008,'2018-05-01','Femenina','2025-11-22','Activo'),
('Alumno','Samuel','Bravo',60120009,'2018-07-31','Masculino','2025-11-22','Activo'),
('Alumno','Amelia','Frías',60120010,'2018-09-07','Femenina','2025-11-22','Activo'),
('Alumno','Zoe','Funes',60120011,'2018-10-29','Femenina','2025-11-22','Activo'),
('Alumno','Alexis','Barrios',60120012,'2018-03-22','Masculino','2025-11-22','Activo'),
('Alumno','Gael','Aguirre',60120013,'2018-12-02','Masculino','2025-11-22','Activo'),
('Alumno','Emilia','Quiroga',60120014,'2018-01-11','Femenina','2025-11-22','Activo'),
('Alumno','Iara','Padilla',60120015,'2018-04-27','Femenina','2025-11-22','Activo'),
('Alumno','Ian','Peralta',60120016,'2018-06-19','Masculino','2025-11-22','Activo'),
('Alumno','Kevin','Luna',60120017,'2018-08-04','Masculino','2025-11-22','Activo'),
('Alumno','Noah','Ferreyra',60120018,'2018-09-15','Masculino','2025-11-22','Activo'),
('Alumno','Alma','Montenegro',60120019,'2018-11-06','Femenina','2025-11-22','Activo'),

-- =======================
--   2° GRADO A
-- =======================
('Alumno','David','Benavides',59110000,'2017-05-22','Masculino','2025-11-22','Activo'),
('Alumno','Nicole','Figueroa',59110001,'2017-10-02','Femenina','2025-11-22','Activo'),
('Alumno','Priscila','Domínguez',59110002,'2017-03-29','Femenina','2025-11-22','Activo'),
('Alumno','Axel','Borja',59110003,'2017-12-13','Masculino','2025-11-22','Activo'),
('Alumno','Alessia','Chávez',59110004,'2017-07-09','Femenina','2025-11-22','Activo'),
('Alumno','Malena','Miranda',59110005,'2017-09-19','Femenina','2025-11-22','Activo'),
('Alumno','Ramiro','Godoy',59110006,'2017-08-01','Masculino','2025-11-22','Activo'),
('Alumno','Luis','Villalba',59110007,'2017-01-28','Masculino','2025-11-22','Activo'),
('Alumno','Paula','Carrizo',59110008,'2017-06-12','Femenina','2025-11-22','Activo'),
('Alumno','Julián','Correa',59110009,'2017-02-17','Masculino','2025-11-22','Activo'),
('Alumno','Rocío','García',59110010,'2017-04-04','Femenina','2025-11-22','Activo'),
('Alumno','Daniel','Pacheco',59110011,'2017-08-27','Masculino','2025-11-22','Activo'),
('Alumno','Ámbar','Esquivel',59110012,'2017-10-11','Femenina','2025-11-22','Activo'),
('Alumno','Dylan','Cortés',59110013,'2017-12-29','Masculino','2025-11-22','Activo'),
('Alumno','Ariana','Galeano',59110014,'2017-03-20','Femenina','2025-11-22','Activo'),
('Alumno','Elías','Franco',59110015,'2017-05-14','Masculino','2025-11-22','Activo'),
('Alumno','Nicolás','Salinas',59110016,'2017-07-01','Masculino','2025-11-22','Activo'),
('Alumno','Ciro','Campos',59110017,'2017-09-08','Masculino','2025-11-22','Activo'),
('Alumno','Sara','Benítez',59110018,'2017-11-30','Femenina','2025-11-22','Activo'),
('Alumno','Melina','Ortega',59110019,'2017-06-25','Femenina','2025-11-22','Activo'),

-- =======================
--   2° GRADO B
-- =======================
('Alumno','Gael','Bustos',59120000,'2016-04-11','Masculino','2025-11-22','Activo'),
('Alumno','Zaira','Vega',59120001,'2016-07-21','Femenina','2025-11-22','Activo'),
('Alumno','Lionel','Palacios',59120002,'2016-10-17','Masculino','2025-11-22','Activo'),
('Alumno','Abril','Ordoñez',59120003,'2016-08-09','Femenina','2025-11-22','Activo'),
('Alumno','Ignacio','Arce',59120004,'2016-03-31','Masculino','2025-11-22','Activo'),
('Alumno','Umma','Roldán',59120005,'2016-12-03','Femenina','2025-11-22','Activo'),
('Alumno','Alan','Benavídez',59120006,'2016-09-01','Masculino','2025-11-22','Activo'),
('Alumno','Ramona','Gallo',59120007,'2016-11-14','Femenina','2025-11-22','Activo'),
('Alumno','Luciano','Carranza',59120008,'2016-06-20','Masculino','2025-11-22','Activo'),
('Alumno','Clara','Toledo',59120009,'2016-02-28','Femenina','2025-11-22','Activo'),
('Alumno','Simón','Iglesias',59120010,'2016-05-19','Masculino','2025-11-22','Activo'),
('Alumno','Carolina','Maidana',59120011,'2016-10-30','Femenina','2025-11-22','Activo'),
('Alumno','Ariel','Balbuena',59120012,'2016-01-22','Masculino','2025-11-22','Activo'),
('Alumno','Mora','León',59120013,'2016-03-12','Femenina','2025-11-22','Activo'),
('Alumno','Santino','Ojeda',59120014,'2016-07-04','Masculino','2025-11-22','Activo'),
('Alumno','Ornella','Garrido',59120015,'2016-09-16','Femenina','2025-11-22','Activo'),
('Alumno','Héctor','Bermúdez',59120016,'2016-11-28','Masculino','2025-11-22','Activo'),
('Alumno','Martín','Serrano',59120017,'2016-02-06','Masculino','2025-11-22','Activo'),
('Alumno','Tamara','Becerra',59120018,'2016-06-11','Femenina','2025-11-22','Activo'),
('Alumno','Alexia','Recalde',59120019,'2016-08-23','Femenina','2025-11-22','Activo'),

-- =======================
--   3° GRADO A
-- =======================
('Alumno','Gonzalo','Sánchez',58110000,'2015-06-18','Masculino','2025-11-22','Activo'),
('Alumno','Tiziana','Fleitas',58110001,'2015-08-02','Femenina','2025-11-22','Activo'),
('Alumno','Pedro','Núñez',58110002,'2015-03-22','Masculino','2025-11-22','Activo'),
('Alumno','Delfina','Acosta',58110003,'2015-05-12','Femenina','2025-11-22','Activo'),
('Alumno','Ian','Espinosa',58110004,'2015-12-20','Masculino','2025-11-22','Activo'),
('Alumno','Lola','Caballero',58110005,'2015-01-08','Femenina','2025-11-22','Activo'),
('Alumno','Fabricio','Montiel',58110006,'2015-09-27','Masculino','2025-11-22','Activo'),
('Alumno','Selena','Gaitán',58110007,'2015-07-15','Femenina','2025-11-22','Activo'),
('Alumno','Facundo','Santana',58110008,'2015-04-09','Masculino','2025-11-22','Activo'),
('Alumno','Juana','Ledesma',58110009,'2015-11-03','Femenina','2025-11-22','Activo'),
('Alumno','Erik','Arismendi',58110010,'2015-02-19','Masculino','2025-11-22','Activo'),
('Alumno','Milagros','Leguizamón',58110011,'2015-06-04','Femenina','2025-11-22','Activo'),
('Alumno','Camilo','Gaona',58110012,'2015-10-28','Masculino','2025-11-22','Activo'),
('Alumno','Jazmín','Salvatierra',58110013,'2015-01-30','Femenina','2025-11-22','Activo'),
('Alumno','Kevin','Montoya',58110014,'2015-03-17','Masculino','2025-11-22','Activo'),
('Alumno','Aitana','Báez',58110015,'2015-08-11','Femenina','2025-11-22','Activo'),
('Alumno','Nahuel','Fiorentino',58110016,'2015-09-03','Masculino','2025-11-22','Activo'),
('Alumno','Cecilia','Agüero',58110017,'2015-12-21','Femenina','2025-11-22','Activo'),
('Alumno','Francesco','Godoy',58110018,'2015-05-05','Masculino','2025-11-22','Activo'),
('Alumno','Aldana','Sierra',58110019,'2015-07-26','Femenina','2025-11-22','Activo'),

-- =======================
--        3° GRADO B
-- =======================

('Alumno','Leandro','Figueroa',58120000,'2017-02-11','Masculino','2025-11-22','Activo'),
('Alumno','Julieta','Vera',58120001,'2017-07-05','Femenina','2025-11-22','Activo'),
('Alumno','Tomás','Riquelme',58120002,'2017-04-22','Masculino','2025-11-22','Activo'),
('Alumno','Aylén','Coronel',58120003,'2017-11-18','Femenina','2025-11-22','Activo'),
('Alumno','Bruno','Sandoval',58120004,'2017-03-09','Masculino','2025-11-22','Activo'),
('Alumno','Morena','Curbelo',58120005,'2017-06-28','Femenina','2025-11-22','Activo'),
('Alumno','Lucas','Garrido',58120006,'2017-09-14','Masculino','2025-11-22','Activo'),
('Alumno','Alina','Maidana',58120007,'2017-12-03','Femenina','2025-11-22','Activo'),
('Alumno','Ian','Pizarro',58120008,'2017-05-17','Masculino','2025-11-22','Activo'),
('Alumno','Sabrina','Montiel',58120009,'2017-08-21','Femenina','2025-11-22','Activo'),
('Alumno','Bautista','Arévalo',58120010,'2017-01-26','Masculino','2025-11-22','Activo'),
('Alumno','Renata','Sosa',58120011,'2017-10-07','Femenina','2025-11-22','Activo'),
('Alumno','Cristian','Barrios',58120012,'2017-02-19','Masculino','2025-11-22','Activo'),
('Alumno','Emilia','Lagos',58120013,'2017-03-30','Femenina','2025-11-22','Activo'),


-- =======================
--        4° GRADO A
-- =======================

('Alumno','Matías','Alderete',57110000,'2014-10-09','Masculino','2025-11-22','Activo'),
('Alumno','Lara','Barrios',57110001,'2014-08-25','Femenina','2025-11-22','Activo'),
('Alumno','Ulises','Curbelo',57110002,'2014-12-12','Masculino','2025-11-22','Activo'),
('Alumno','Rita','Fariña',57110003,'2014-07-05','Femenina','2025-11-22','Activo'),
('Alumno','Emanuel','Alegre',57110004,'2014-02-16','Masculino','2025-11-22','Activo'),
('Alumno','Esteban','Valdez',57110005,'2014-04-28','Masculino','2025-11-22','Activo'),
('Alumno','Pilar','Zavala',57110006,'2014-11-01','Femenina','2025-11-22','Activo'),
('Alumno','Rafael','Villagra',57110007,'2014-01-07','Masculino','2025-11-22','Activo'),
('Alumno','Ambar','Moreno',57110008,'2014-09-14','Femenina','2025-11-22','Activo'),
('Alumno','Bruno','Campos',57110009,'2014-06-03','Masculino','2025-11-22','Activo'),
('Alumno','Catalina','Ferraresi',57110010,'2014-03-22','Femenina','2025-11-22','Activo'),
('Alumno','Mario','Rolón',57110011,'2014-05-11','Masculino','2025-11-22','Activo'),
('Alumno','Julia','Ocampo',57110012,'2014-08-01','Femenina','2025-11-22','Activo'),
('Alumno','Emiliano','Sarmiento',57110013,'2014-12-24','Masculino','2025-11-22','Activo'),
('Alumno','Luan','Ferreira',57110014,'2014-10-16','Masculino','2025-11-22','Activo'),
('Alumno','Andrea','Ayala',57110015,'2014-07-29','Femenina','2025-11-22','Activo'),
('Alumno','Cristian','Salomón',57110016,'2014-03-04','Masculino','2025-11-22','Activo'),
('Alumno','Juliana','Bramajo',57110017,'2014-05-31','Femenina','2025-11-22','Activo'),
('Alumno','Salvador','Soria',57110018,'2014-09-18','Masculino','2025-11-22','Activo'),
('Alumno','Amira','Merlo',57110019,'2014-11-08','Femenina','2025-11-22','Activo'),

-- =======================
--        4° GRADO B 
-- =======================

('Alumno','Thiago','Serrano',57120000,'2016-02-14','Masculino','2025-11-22','Activo'),
('Alumno','Valentina','Molina',57120001,'2016-07-03','Femenina','2025-11-22','Activo'),
('Alumno','Lautaro','Peralta',57120002,'2016-11-22','Masculino','2025-11-22','Activo'),
('Alumno','Camila','Vargas',57120003,'2016-03-09','Femenina','2025-11-22','Activo'),
('Alumno','Julián','Lozano',57120004,'2016-05-18','Masculino','2025-11-22','Activo'),
('Alumno','Martina','Correa',57120005,'2016-01-27','Femenina','2025-11-22','Activo'),
('Alumno','Benjamín','Silva',57120006,'2016-04-30','Masculino','2025-11-22','Activo'),
('Alumno','Mia','Fernández',57120007,'2016-08-19','Femenina','2025-11-22','Activo'),
('Alumno','Facundo','Rivas',57120008,'2016-06-07','Masculino','2025-11-22','Activo'),
('Alumno','Juana','Godoy',57120009,'2016-09-25','Femenina','2025-11-22','Activo'),
('Alumno','Ezequiel','Cáceres',57120010,'2016-12-02','Masculino','2025-11-22','Activo'),
('Alumno','Antonella','Benítez',57120011,'2016-10-11','Femenina','2025-11-22','Activo'),
('Alumno','Franco','Morales',57120012,'2016-01-05','Masculino','2025-11-22','Activo'),

-- =======================
--        5° GRADO A
-- =======================

('Alumno','Agustín','Pereda',56110000,'2015-01-15','Masculino','2025-11-22','Activo'),
('Alumno','Milena','Salvatierra',56110001,'2015-07-03','Femenina','2025-11-22','Activo'),
('Alumno','Joaquín','Rentería',56110002,'2015-04-19','Masculino','2025-11-22','Activo'),
('Alumno','Zoe','Barboza',56110003,'2015-11-27','Femenina','2025-11-22','Activo'),
('Alumno','Ramiro','Casas',56110004,'2015-02-06','Masculino','2025-11-22','Activo'),
('Alumno','Ariana','Páez',56110005,'2015-08-14','Femenina','2025-11-22','Activo'),
('Alumno','Thiago','Balmaceda',56110006,'2015-03-11','Masculino','2025-11-22','Activo'),
('Alumno','Catalina','Fiorio',56110007,'2015-06-29','Femenina','2025-11-22','Activo'),
('Alumno','Dylan','Escalante',56110008,'2015-10-17','Masculino','2025-11-22','Activo'),
('Alumno','Lara','Gaitán',56110009,'2015-05-08','Femenina','2025-11-22','Activo'),
('Alumno','Bruno','Montenegro',56110010,'2015-09-21','Masculino','2025-11-22','Activo'),
('Alumno','Isabella','Torales',56110011,'2015-12-02','Femenina','2025-11-22','Activo'),
('Alumno','Emanuel','Alcaraz',56110012,'2015-03-23','Masculino','2025-11-22','Activo'),

-- =======================
--        5° GRADO B
-- =======================

('Alumno','Ian','Olmedo',56120000,'2015-03-12','Masculino','2025-11-22','Activo'),
('Alumno','Abril','Miranda',56120001,'2015-07-25','Femenina','2025-11-22','Activo'),
('Alumno','Santino','Valdez',56120002,'2015-05-08','Masculino','2025-11-22','Activo'),
('Alumno','Lucía','Roldán',56120003,'2015-11-14','Femenina','2025-11-22','Activo'),
('Alumno','Ramiro','Torres',56120004,'2015-02-28','Masculino','2025-11-22','Activo'),
('Alumno','Ariana','Campos',56120005,'2015-06-04','Femenina','2025-11-22','Activo'),
('Alumno','Dylan','Ojeda',56120006,'2015-01-19','Masculino','2025-11-22','Activo'),
('Alumno','Isabella','Cardozo',56120007,'2015-09-03','Femenina','2025-11-22','Activo'),
('Alumno','Gabriel','Ferreyra',56120008,'2015-04-21','Masculino','2025-11-22','Activo'),
('Alumno','Mora','Acuña',56120009,'2015-12-29','Femenina','2025-11-22','Activo'),
('Alumno','Emanuel','Herrera',56120010,'2015-10-17','Masculino','2025-11-22','Activo'),
('Alumno','Zoe','Romero',56120011,'2015-08-06','Femenina','2025-11-22','Activo'),


-- =======================
--        6° GRADO A 
-- =======================

('Alumno','Nicolás','Amaya',55110000,'2014-02-28','Masculino','2025-11-22','Activo'),
('Alumno','Mora','Ledesma',55110001,'2014-09-04','Femenina','2025-11-22','Activo'),
('Alumno','Tiziano','Correa',55110002,'2014-04-12','Masculino','2025-11-22','Activo'),
('Alumno','Alma','Roldán',55110003,'2014-07-27','Femenina','2025-11-22','Activo'),
('Alumno','Kevin','Molina',55110004,'2014-11-09','Masculino','2025-11-22','Activo'),
('Alumno','Atenea','Guerra',55110005,'2014-03-25','Femenina','2025-11-22','Activo'),
('Alumno','Axel','Lucero',55110006,'2014-12-15','Masculino','2025-11-22','Activo'),
('Alumno','Renata','Cáceres',55110007,'2014-05-06','Femenina','2025-11-22','Activo'),
('Alumno','Gael','Sarmiento',55110008,'2014-08-30','Masculino','2025-11-22','Activo'),
('Alumno','Elena','Ponce',55110009,'2014-01-19','Femenina','2025-11-22','Activo'),
('Alumno','Dante','Funes',55110010,'2014-10-23','Masculino','2025-11-22','Activo'),
('Alumno','Luciana','Bustos',55110011,'2014-06-11','Femenina','2025-11-22','Activo'),

-- =======================
--        6° GRADO B
-- =======================

('Alumno','Nicolás','Mansilla',55120000,'2014-01-14','Masculino','2025-11-22','Activo'),
('Alumno','Mora','Soto',55120001,'2014-06-01','Femenina','2025-11-22','Activo'),
('Alumno','Tobías','Lagos',55120002,'2014-08-23','Masculino','2025-11-22','Activo'),
('Alumno','Alma','Rivero',55120003,'2014-03-19','Femenina','2025-11-22','Activo'),
('Alumno','Kevin','Gómez',55120004,'2014-12-04','Masculino','2025-11-22','Activo'),
('Alumno','Atenea','Escobar',55120005,'2014-04-15','Femenina','2025-11-22','Activo'),
('Alumno','Joaquín','Vega',55120006,'2014-11-09','Masculino','2025-11-22','Activo'),
('Alumno','Emma','Pizarro',55120007,'2014-05-28','Femenina','2025-11-22','Activo'),
('Alumno','Bruno','Quiroga',55120008,'2014-07-16','Masculino','2025-11-22','Activo'),
('Alumno','Renata','Palacios',55120009,'2014-10-27','Femenina','2025-11-22','Activo'),
('Alumno','Axel','Mendoza',55120010,'2014-02-05','Masculino','2025-11-22','Activo'),
('Alumno','Milena','Arias',55120011,'2014-09-11','Femenina','2025-11-22','Activo'),
('Alumno','Gael','Reynoso',55120012,'2014-03-07','Masculino','2025-11-22','Activo'),
('Alumno','Elena','Benavídez',55120013,'2014-06-25','Femenina','2025-11-22','Activo'),
('Alumno','Dante','Aguilar',55120014,'2014-12-20','Masculino','2025-11-22','Activo'),

-- =======================
--        7° GRADO A
-- =======================

('Alumno','Jeremías','Bravo',54110000,'2013-04-12','Masculino','2025-11-22','Activo'),
('Alumno','Elisa','Montoya',54110001,'2013-10-02','Femenina','2025-11-22','Activo'),
('Alumno','Agustín','Funes',54110002,'2013-05-24','Masculino','2025-11-22','Activo'),
('Alumno','Micaela','Miranda',54110003,'2013-12-19','Femenina','2025-11-22','Activo'),
('Alumno','Rafael','Herrera',54110004,'2013-03-09','Masculino','2025-11-22','Activo'),
('Alumno','Aldana','Páez',54110005,'2013-07-28','Femenina','2025-11-22','Activo'),
('Alumno','Tomás','Ojeda',54110006,'2013-02-17','Masculino','2025-11-22','Activo'),
('Alumno','Maite','Silvero',54110007,'2013-08-14','Femenina','2025-11-22','Activo'),
('Alumno','Alexis','González',54110008,'2013-01-29','Masculino','2025-11-22','Activo'),
('Alumno','Lara','Segovia',54110009,'2013-11-05','Femenina','2025-11-22','Activo'),
('Alumno','Rodrigo','Soria',54110010,'2013-06-23','Masculino','2025-11-22','Activo'),
('Alumno','Ana','Cardona',54110011,'2013-09-30','Femenina','2025-11-22','Activo'),
('Alumno','Franco','Bustamante',54110012,'2013-04-02','Masculino','2025-11-22','Activo'),
('Alumno','Isidora','Lemos',54110013,'2013-10-16','Femenina','2025-11-22','Activo'),


-- =======================
--   7° GRADO B
-- =======================
('Alumno','Ariadna','Coronel',54120020,'2013-02-13','Femenina','2025-11-22','Activo'),
('Alumno','Ulises','Franco',54120019,'2013-05-30','Masculino','2025-11-22','Activo'),
('Alumno','Agostina','Rodas',54120018,'2013-11-22','Femenina','2025-11-22','Activo'),
('Alumno','Julián','Sanabria',54120017,'2013-08-01','Masculino','2025-11-22','Activo'),
('Alumno','Dayana','Ramírez',54120016,'2013-06-03','Femenina','2025-11-22','Activo'),
('Alumno','Nicolás','Fidalgo',54120015,'2013-10-14','Masculino','2025-11-22','Activo'),
('Alumno','Tamara','Segovia',54120014,'2013-01-26','Femenina','2025-11-22','Activo'),
('Alumno','Sergio','Sena',54120013,'2013-04-19','Masculino','2025-11-22','Activo'),
('Alumno','Florencia','Cuestas',54120012,'2013-12-09','Femenina','2025-11-22','Activo'),
('Alumno','Hernán','Lescano',54120011,'2013-03-25','Masculino','2025-11-22','Activo'),
('Alumno','Melany','Jerez',54120010,'2013-07-08','Femenina','2025-11-22','Activo'),
('Alumno','Mauricio','Fornier',54120009,'2013-09-04','Masculino','2025-11-22','Activo'),
('Alumno','Jacinta','Benavides',54120008,'2013-11-29','Femenina','2025-11-22','Activo'),
('Alumno','Álvaro','Bonnin',54120007,'2013-06-12','Masculino','2025-11-22','Activo'),
('Alumno','Regina','Ribera',54120006,'2013-02-18','Femenina','2025-11-22','Activo'),
('Alumno','Ezequiel','Quiñónez',54120005,'2013-04-01','Masculino','2025-11-22','Activo'),
('Alumno','Silvia','Cáceres',54120004,'2013-10-30','Femenina','2025-11-22','Activo'),
('Alumno','Iván','Maldonado',54120003,'2013-01-15','Masculino','2025-11-22','Activo'),
('Alumno','Diana','Correa',54120002,'2013-03-09','Femenina','2025-11-22','Activo'),
('Alumno','Benicio','Bustamante',54120001,'2013-08-26','Masculino','2025-11-22','Activo');



-- Insertar usuarios (las contraseñas están hasheadas con bcrypt, todas son "123456")
INSERT INTO Usuarios (id_persona, nombreUsuario, contrasenia, mail, telefono, fechaAlta, estado) VALUES 
(1, 'admin', '$2b$10$MsIYa85K4H7AHuBjP1TlieHvRumdtwTfmMfrXIkkf7Uk5YFFM0gyG', 'admin@comedor.com', '555-0001', NOW(), 'Activo'),
(2, 'maria.gonzalez', '$2b$10$MsIYa85K4H7AHuBjP1TlieHvRumdtwTfmMfrXIkkf7Uk5YFFM0gyG', 'maria@comedor.com', '555-0002', NOW(), 'Activo'),
(3, 'juan.perez', '$2b$10$MsIYa85K4H7AHuBjP1TlieHvRumdtwTfmMfrXIkkf7Uk5YFFM0gyG', 'juan@comedor.com', '555-0003', NOW(), 'Activo'),
(6, 'carmen.ruiz', '$2b$10$MsIYa85K4H7AHuBjP1TlieHvRumdtwTfmMfrXIkkf7Uk5YFFM0gyG', 'carmen@comedor.com', '555-0006', NOW(), 'Activo');

-- Insertar turnos
INSERT INTO Turnos (nombre, horaInicio, horaFin, estado) VALUES 
('Mañana', '08:00:00', '14:30:00', 'Activo'),
('Tarde', '13:00:00', '17:00:00', 'Activo');

-- Insertar grados
INSERT INTO Grados (nombreGrado, id_turno, estado) VALUES 
('1° A', 2, 'Activo'),
('1° B', 2, 'Activo'),
('2° A', 2, 'Activo'),
('2° B', 2, 'Activo'),
('3° A', 2, 'Activo'),
('3° B', 2, 'Activo');
('4° A', 1, 'Activo'),
('4° B', 1, 'Activo'),
('5° A', 1, 'Activo'),
('5° B', 1, 'Activo'),
('6° A', 1, 'Activo'),
('6° B', 1, 'Activo');
('7° A', 1, 'Activo'),
('7° B', 1, 'Activo');


-- Insertar servicios
INSERT INTO Servicios (nombre, descripcion, horaInicio, horaFin, estado) VALUES 
('Desayuno', 'Desayuno escolar', '07:30:00', '08:30:00', 'Activo'),
('Almuerzo', 'Almuerzo escolar', '12:00:00', '13:00:00', 'Activo'),
('Merienda', 'Merienda escolar', '15:30:00', '16:30:00', 'Activo')


-- Insertar Insumos y Inventarios


-- ==============================
--       Carnes y Proteínas
-- ==============================

INSERT INTO Insumos 
(id_insumo, nombreInsumo, descripcion, unidadMedida, categoria, stockMinimo, fecha, estado) VALUES
(1, 'Carne pulpa fresca', 'Carne vacuna pulpa sin grasa', 'Kilogramos', 'Carnes y proteinas', 10.00, '2025-11-01', 'Activo'),
(2, 'Carne con hueso', 'Carne vacuna con hueso para guiso', 'Kilogramos', 'Carnes y proteinas', 8.00, '2025-11-01', 'Activo'),
(3, 'Carne sin hueso', 'Carne vacuna magra sin hueso', 'Kilogramos', 'Carnes y proteinas', 8.00, '2025-11-01', 'Activo'),
(4, 'Pechuga de pollo', 'Pechuga fresca sin piel', 'Kilogramos', 'Carnes y proteinas', 6.00, '2025-11-01', 'Activo'),
(5, 'Muslo de pollo', 'Muslo fresco con piel', 'Kilogramos', 'Carnes y proteinas', 5.00, '2025-11-01', 'Activo'),
(6, 'Carne picada', 'Picada común', 'Kilogramos', 'Carnes y proteinas', 6.00, '2025-11-01', 'Activo'),
(7, 'Pata muslo de pollo', 'Pata muslo fresco', 'Kilogramos', 'Carnes y proteinas', 8.00, '2025-11-01', 'Activo'),
(8, 'Costilla de cerdo', 'Tira de costilla para horno', 'Kilogramos', 'Carnes y proteinas', 5.00, '2025-11-01', 'Activo'),
(9, 'Jamón cocido', 'Jamón cocido feteado', 'Gramos', 'Carnes y proteinas', 500.00, '2025-11-01', 'Activo'),
(10, 'Salchichas vienesas', 'Paquete de salchichas tipo viena 300 g', 'Gramos', 'Carnes y proteinas', 300.00, '2025-11-01', 'Activo'),
(11, 'Huevos', 'Huevos frescos de gallina', 'Unidades', 'Carnes y proteinas', 60.00, '2025-11-01', 'Activo'),
(12, 'Albóndigas congeladas', 'Albóndigas de carne vacuna 500 g', 'Gramos', 'Carnes y proteinas', 500.00, '2025-11-01', 'Activo');

INSERT INTO Inventarios
(id_insumo, cantidadActual, nivelMinimoAlerta, stockMaximo, estado) VALUES
(1, 12, 10.00, 50, 'Normal'),
(2, 8, 8.00, 40, 'Normal'),
(3, 5, 8.00, 40, 'Critico'),
(4, 6, 6.00, 30, 'Normal'),
(5, 0, 5.00, 25, 'Agotado'),
(6, 1, 6.00, 40, 'Critico'),
(7, 7, 8.00, 30, 'Critico'),
(8, 5, 5.00, 25, 'Normal'),
(9, 300, 500.00, 2000, 'Critico'),
(10, 12, 300.00, 800, 'Critico'),
(11, 120, 60.00, 300, 'Normal'),
(12, 0, 500.00, 1200, 'Agotado');


-- ==============================
--            Lacteos
-- ==============================

INSERT INTO Insumos (id_insumo, nombreInsumo, descripcion, unidadMedida, categoria, stockMinimo, fecha, estado) VALUES
(13,'Leche entera','Leche fluida entera','Litros','Lacteos',10.00,'2025-11-01','Activo'),
(14,'Leche descremada','Leche fluida descremada','Litros','Lacteos',10.00,'2025-11-01','Activo'),
(15,'Leche larga vida','Leche UHT entera','Litros','Lacteos',8.00,'2025-11-01','Activo'),
(16,'Leche chocolatada','Bebida láctea sabor chocolate','Litros','Lacteos',6.00,'2025-11-01','Activo'),
(17,'Queso cremoso','Queso fresco tipo cremoso','Kilogramos','Lacteos',5.00,'2025-11-01','Activo'),
(18,'Queso rallado','Queso rallado en paquete','Gramos','Lacteos',2.00,'2025-11-01','Activo'),
(19,'Queso barra','Queso tipo barra','Kilogramos','Lacteos',4.00,'2025-11-01','Activo'),
(20,'Queso muzzarella','Queso muzzarella para cocina','Kilogramos','Lacteos',5.00,'2025-11-01','Activo'),
(21,'Yogur firme vainilla','Yogur firme sabor vainilla','Gramos','Lacteos',3.00,'2025-11-01','Activo'),
(22,'Yogur firme frutilla','Yogur firme sabor frutilla','Gramos','Lacteos',3.00,'2025-11-01','Activo'),
(23,'Yogur bebible','Yogur líquido varias frutas','Mililitros','Lacteos',5.00,'2025-11-01','Activo'),
(24,'Yogur natural','Yogur natural sin sabor','Gramos','Lacteos',3.00,'2025-11-01','Activo'),
(25,'Manteca','Manteca en paquete','Gramos','Lacteos',2.00,'2025-11-01','Activo'),
(26,'Crema de leche','Crema de leche común','Mililitros','Lacteos',3.00,'2025-11-01','Activo'),
(27,'Leche en polvo entera','Leche en polvo','Gramos','Lacteos',2.00,'2025-11-01','Activo'),
(28,'Leche en polvo descremada','Leche en polvo baja grasa','Gramos','Lacteos',2.00,'2025-11-01','Activo'),
(29,'Postre de vainilla','Postre instantáneo de vainilla','Gramos','Lacteos',3.00,'2025-11-01','Activo'),
(30,'Postre de chocolate','Postre instantáneo de chocolate','Gramos','Lacteos',3.00,'2025-11-01','Activo'),
(31,'Flan en polvo','Flan instantáneo sabor vainilla','Gramos','Lacteos',5.00,'2025-11-01','Activo'),
(32,'Ricota','Ricota fresca para cocina','Gramos','Lacteos',4.00,'2025-11-01','Activo'),
(33,'Queso untable','Queso cremoso para untar','Gramos','Lacteos',2.00,'2025-11-01','Activo');

INSERT INTO Inventarios (id_insumo, cantidadActual, nivelMinimoAlerta, stockMaximo, estado) VALUES
(13, 20, 10, 50, 'Normal'),
(14, 15, 10, 50, 'Normal'),
(15, 5, 8, 40, 'Critico'),
(16, 0, 6, 30, 'Agotado'),
(17, 2, 5, 20, 'Critico'),
(18, 1, 2, 20, 'Critico'),
(19, 4, 4, 25, 'Normal'),
(20, 3, 5, 25, 'Critico'),
(21, 10, 3, 40, 'Normal'),
(22, 3, 3, 40, 'Normal'),
(23, 8, 5, 30, 'Normal'),
(24, 2, 3, 30, 'Critico'),
(25, 1, 2, 20, 'Critico'),
(26, 4, 3, 30, 'Normal'),
(27, 6, 2, 20, 'Normal'),
(28, 2, 2, 20, 'Normal'),
(29, 1, 3, 30, 'Critico'),
(30, 0, 3, 30, 'Agotado'),
(31, 4, 5, 30, 'Critico'),
(32, 8, 4, 40, 'Normal'),
(33, 2, 2, 20, 'Normal');


-- ==============================
--            Cereales
-- ==============================

INSERT INTO Insumos (id_insumo, nombreInsumo, descripcion, unidadMedida, categoria, stockMinimo, fecha, estado) VALUES
(34,'Harina de trigo común','Harina de trigo 000','Kilogramos','Cereales',10.00,'2025-11-01','Activo'),
(35,'Harina de trigo leudante','Harina leudante para repostería','Kilogramos','Cereales',8.00,'2025-11-01','Activo'),
(36,'Harina integral','Harina de trigo integral','Kilogramos','Cereales',6.00,'2025-11-01','Activo'),
(37,'Avena instantánea','Avena rápida','Gramos','Cereales',5.00,'2025-11-01','Activo'),
(38,'Polenta','Sémola de maíz para polenta','Gramos','Cereales',5.00,'2025-11-01','Activo'),
(39,'Maicena','Almidón de maíz','Gramos','Cereales',3.00,'2025-11-01','Activo'),
(40,'Arroz largo fino','Arroz tipo largo fino','Kilogramos','Cereales',10.00,'2025-11-01','Activo'),
(41,'Arroz parboil','Arroz precocido parboil','Kilogramos','Cereales',8.00,'2025-11-01','Activo'),
(42,'Arroz integral','Arroz integral orgánico','Kilogramos','Cereales',6.00,'2025-11-01','Activo'),
(43,'Fideos guiseros','Fideos tipo codito para guisos','Gramos','Cereales',5.00,'2025-11-01','Activo'),
(44,'Fideos mostachol','Fideos mostachol secos','Gramos','Cereales',5.00,'2025-11-01','Activo'),
(45,'Fideos tirabuzón','Fideos tirabuzón secos','Gramos','Cereales',5.00,'2025-11-01','Activo'),
(46,'Fideos spaghetti','Pasta larga tipo spaghetti','Gramos','Cereales',5.00,'2025-11-01','Activo'),
(47,'Galletitas de agua','Galletitas saladas','Gramos','Cereales',3.00,'2025-11-01','Activo'),
(48,'Galletitas dulces','Galletitas dulces surtidas','Gramos','Cereales',3.00,'2025-11-01','Activo'),
(49,'Copos de maíz','Cereales tipo corn flakes','Gramos','Cereales',4.00,'2025-11-01','Activo'),
(50,'Harina de maíz amarilla','Harina de maíz fina','Gramos','Cereales',3.00,'2025-11-01','Activo'),
(51,'Pan rallado','Harina de pan seco rallado','Gramos','Cereales',3.00,'2025-11-01','Activo');

INSERT INTO Inventarios (id_insumo, cantidadActual, nivelMinimoAlerta, stockMaximo, estado) VALUES
(34, 20, 10, 60, 'Normal'),
(35, 15, 8, 50, 'Normal'),
(36, 9, 6, 40, 'Normal'),
(37, 2, 5, 30, 'Critico'),
(38, 1, 5, 30, 'Critico'),
(39, 6, 3, 30, 'Normal'),
(40, 25, 10, 80, 'Normal'),
(41, 12, 8, 60, 'Normal'),
(42, 6, 6, 50, 'Normal'),
(43, 2, 5, 40, 'Critico'),
(44, 3, 5, 40, 'Critico'),
(45, 5, 5, 40, 'Normal'),
(46, 7, 5, 40, 'Normal'),
(47, 2, 3, 25, 'Critico'),
(48, 1, 3, 25, 'Critico'),
(49, 6, 4, 30, 'Normal'),
(50, 4, 3, 20, 'Normal'),
(51, 3, 3, 20, 'Normal');


-- ==============================
--            Verduras
-- ==============================

INSERT INTO Insumos (id_insumo, nombreInsumo, descripcion, unidadMedida, categoria, stockMinimo, fecha, estado) VALUES
(52,'Papa','Papa blanca común','Kilogramos','Verduras',10.00,'2025-11-01','Activo'),
(53,'Batata','Batata anaranjada','Kilogramos','Verduras',8.00,'2025-11-01','Activo'),
(54,'Zanahoria','Zanahoria fresca','Kilogramos','Verduras',6.00,'2025-11-01','Activo'),
(55,'Cebolla','Cebolla amarilla','Kilogramos','Verduras',5.00,'2025-11-01','Activo'),
(56,'Cebolla de verdeo','Verdeo fresco','Unidades','Verduras',15.00,'2025-11-01','Activo'),
(57,'Morrón rojo','Pimiento rojo','Unidades','Verduras',10.00,'2025-11-01','Activo'),
(58,'Morrón verde','Pimiento verde','Unidades','Verduras',10.00,'2025-11-01','Activo'),
(59,'Morrón amarillo','Pimiento amarillo','Unidades','Verduras',10.00,'2025-11-01','Activo'),
(60,'Tomate redondo','Tomate fresco','Kilogramos','Verduras',6.00,'2025-11-01','Activo'),
(61,'Lechuga criolla','Lechuga fresca','Unidades','Verduras',8.00,'2025-11-01','Activo'),
(62,'Acelga','Manojo de acelga','Unidades','Verduras',10.00,'2025-11-01','Activo'),
(63,'Espinaca','Manojo de espinaca','Unidades','Verduras',10.00,'2025-11-01','Activo'),
(64,'Puerro','Puerro fresco','Unidades','Verduras',10.00,'2025-11-01','Activo'),
(65,'Repollo blanco','Repollo fresco','Unidades','Verduras',4.00,'2025-11-01','Activo'),
(66,'Zapallo anco','Zapallo tipo anco','Kilogramos','Verduras',6.00,'2025-11-01','Activo'),
(67,'Calabacín','Zucchini verde','Kilogramos','Verduras',5.00,'2025-11-01','Activo'),
(68,'Berenjena','Berenjena morada','Kilogramos','Verduras',5.00,'2025-11-01','Activo'),
(69,'Pepino','Pepino entero','Unidades','Verduras',8.00,'2025-11-01','Activo'),
(70,'Arvejas frescas','Arvejas verdes','Gramos','Verduras',3.00,'2025-11-01','Activo'),
(71,'Brocoli','Brócoli fresco','Unidades','Verduras',5.00,'2025-11-01','Activo'),
(72,'Coliflor','Coliflor fresco','Unidades','Verduras',5.00,'2025-11-01','Activo');

INSERT INTO Inventarios (id_insumo, cantidadActual, nivelMinimoAlerta, stockMaximo, estado) VALUES
(52, 20, 10, 80, 'Normal'),
(53, 14, 8, 60, 'Normal'),
(54, 9, 6, 50, 'Normal'),
(55, 4, 5, 40, 'Critico'),
(56, 30, 15, 70, 'Normal'),
(57, 12, 10, 40, 'Normal'),
(58, 8, 10, 40, 'Critico'),
(59, 9, 10, 40, 'Critico'),
(60, 7, 6, 50, 'Normal'),
(61, 6, 8, 25, 'Critico'),
(62, 15, 10, 30, 'Normal'),
(63, 9, 10, 30, 'Critico'),
(64, 11, 10, 30, 'Normal'),
(65, 3, 4, 20, 'Critico'),
(66, 6, 6, 30, 'Normal'),
(67, 4, 5, 25, 'Normal'),
(68, 6, 5, 25, 'Normal'),
(69, 10, 8, 30, 'Normal'),
(70, 3, 3, 20, 'Normal'),
(71, 3, 5, 20, 'Critico'),
(72, 5, 5, 20,   'Normal');


-- ==============================
--            Frutas
-- ==============================

INSERT INTO Insumos(id_insumo, nombreInsumo, descripcion, unidadMedida, categoria, stockMinimo, fecha, estado) VALUES
(73, 'Manzana roja', 'Manzana fresca roja', 'Kilogramos', 'Frutas', 5.00, '2025-11-01', 'Activo'),
(74, 'Manzana verde', 'Manzana fresca verde', 'Kilogramos', 'Frutas', 5.00, '2025-11-01', 'Activo'),
(75, 'Banana', 'Banana madura', 'Kilogramos', 'Frutas', 5.00, '2025-11-01', 'Activo'),
(76, 'Naranja', 'Naranja jugosa', 'Kilogramos', 'Frutas', 5.00, '2025-11-01', 'Activo'),
(77, 'Mandarina', 'Mandarina fresca', 'Kilogramos', 'Frutas', 5.00, '2025-11-01', 'Activo'),
(78, 'Pera', 'Pera blanca fresca', 'Kilogramos', 'Frutas', 5.00, '2025-11-01', 'Activo'),
(79, 'Durazno', 'Durazno maduro', 'Kilogramos', 'Frutas', 5.00, '2025-11-01', 'Activo'),
(80, 'Ciruela', 'Ciruela dulce', 'Kilogramos', 'Frutas', 5.00, '2025-11-01', 'Activo'),
(81, 'Uva morada', 'Uva morada sin semilla', 'Kilogramos', 'Frutas', 5.00, '2025-11-01', 'Activo'),

INSERT INTO Inventarios(id_insumo, cantidadActual, nivelMinimoAlerta, stockMaximo, estado) VALUES
(73, 0.00, 5.00, 50.00, 'Agotado'),
(74, 0.00, 5.00, 50.00, 'Agotado'),
(75, 0.00, 5.00, 50.00, 'Agotado'),
(76, 0.00, 5.00, 50.00, 'Agotado'),
(77, 0.00, 5.00, 50.00, 'Agotado'),
(78, 0.00, 5.00, 50.00, 'Agotado'),
(79, 0.00, 5.00, 50.00, 'Agotado'),
(80, 0.00, 5.00, 50.00, 'Agotado'),
(81, 0.00, 5.00, 50.00, 'Agotado');


-- ==============================
--            Legumbres
-- ==============================

INSERT INTO Insumos (id_insumo, nombreInsumo, descripcion, unidadMedida, categoria, stockMinimo, fecha, estado) VALUES
(82, 'Lentejas', 'Lenteja seca para cocción', 'Kilogramos', 'Legumbres', 5.00, '2025-11-01', 'Activo'),
(83, 'Porotos Negros', 'Poroto negro seco', 'Kilogramos', 'Legumbres', 5.00, '2025-11-01', 'Activo'),
(84, 'Porotos Blancos', 'Poroto blanco seco', 'Kilogramos', 'Legumbres', 5.00, '2025-11-01', 'Activo'),
(85, 'Garbanzos', 'Garbanzos secos para cocción', 'Kilogramos', 'Legumbres', 5.00, '2025-11-01', 'Activo'),
(86, 'Arvejas Secas', 'Arvejas partidas secas', 'Kilogramos', 'Legumbres', 5.00, '2025-11-01', 'Activo'),
(87, 'Arvejas Enteras', 'Arvejas verdes enteras secas', 'Kilogramos', 'Legumbres', 5.00, '2025-11-01', 'Activo'),
(88, 'Porotos Rojos', 'Poroto colorado seco', 'Kilogramos', 'Legumbres', 5.00, '2025-11-01', 'Activo'),
(89, 'Garbanzos Partidos', 'Garbanzos partidos secos', 'Kilogramos', 'Legumbres', 5.00, '2025-11-01', 'Activo');


INSERT INTO Inventarios (id_insumo, cantidadActual, nivelMinimoAlerta, stockMaximo, estado) VALUES
(82, 0.00, 5.00, 50.00, 'Agotado'),
(83, 0.00, 5.00, 50.00, 'Agotado'),
(84, 0.00, 5.00, 50.00, 'Agotado'),
(85, 0.00, 5.00, 50.00, 'Agotado'),
(86, 0.00, 5.00, 50.00, 'Agotado'),
(87, 0.00, 5.00, 50.00, 'Agotado'),
(88, 0.00, 5.00, 50.00, 'Agotado'),
(89, 0.00, 5.00, 50.00, 'Agotado');


-- ==============================
--            Condimentos
-- ==============================

INSERT INTO Insumos (id_insumo, nombreInsumo, descripcion, unidadMedida, categoria, stockMinimo, fecha, estado) VALUES
(90, 'Sal Fina', 'Sal fina para condimentar', 'Kilogramos', 'Condimentos', 5.00, '2025-11-01', 'Activo'),
(91, 'Sal Gruesa', 'Sal gruesa de cocina', 'Kilogramos', 'Condimentos', 5.00, '2025-11-01', 'Activo'),
(92, 'Pimienta Negra', 'Pimienta molida', 'Gramos', 'Condimentos', 5.00, '2025-11-01', 'Activo'),
(93, 'Pimienta Blanca', 'Pimienta blanca molida', 'Gramos', 'Condimentos', 5.00, '2025-11-01', 'Activo'),
(94, 'Ajo en Polvo', 'Ajo deshidratado molido', 'Gramos', 'Condimentos', 5.00, '2025-11-01', 'Activo'),
(95, 'Curry', 'Mezcla de especias curry', 'Gramos', 'Condimentos', 5.00, '2025-11-01', 'Activo'),
(96, 'Comino', 'Comino molido', 'Gramos', 'Condimentos', 5.00, '2025-11-01', 'Activo'),
(97, 'Oregano', 'Orégano seco triturado', 'Gramos', 'Condimentos', 5.00, '2025-11-01', 'Activo'),
(98, 'Laurel', 'Hojas de laurel secas', 'Gramos', 'Condimentos', 5.00, '2025-11-01', 'Activo'),
(99, 'Pimentón Dulce', 'Pimentón molido dulce', 'Gramos', 'Condimentos', 5.00, '2025-11-01', 'Activo'),
(100, 'Condimento para Arroz', 'Mezcla de sabor para arroz', 'Gramos', 'Condimentos', 5.00, '2025-11-01', 'Activo'),
(101, 'Condimento para Carne', 'Mezcla especial para carnes', 'Gramos', 'Condimentos', 5.00, '2025-11-01', 'Activo'),
(102, 'Condimento para Pollo', 'Mezcla de especias para pollo', 'Gramos', 'Condimentos', 5.00, '2025-11-01', 'Activo'),
(103, 'Mayonesa', 'Mayonesa en botella', 'Mililitros', 'Condimentos', 5.00, '2025-11-01', 'Activo'),
(104, 'Ketchup', 'Ketchup en botella', 'Mililitros', 'Condimentos', 5.00, '2025-11-01', 'Activo');

INSERT INTO Inventarios (id_insumo, cantidadActual, nivelMinimoAlerta, stockMaximo, estado) VALUES
(90, 0.00, 5.00, 50.00, 'Agotado'),
(91, 0.00, 5.00, 50.00, 'Agotado'),
(92, 0.00, 5.00, 50.00, 'Agotado'),
(93, 0.00, 5.00, 50.00, 'Agotado'),
(94, 0.00, 5.00, 50.00, 'Agotado'),
(95, 0.00, 5.00, 50.00, 'Agotado'),
(96, 0.00, 5.00, 50.00, 'Agotado'),
(97, 0.00, 5.00, 50.00, 'Agotado'),
(98, 0.00, 5.00, 50.00, 'Agotado'),
(99, 0.00, 5.00, 50.00, 'Agotado'),
(100, 0.00, 5.00, 50.00, 'Agotado'),
(101, 0.00, 5.00, 50.00, 'Agotado'),
(102, 0.00, 5.00, 50.00, 'Agotado'),
(103, 0.00, 5.00, 50.00, 'Agotado'),
(104, 0.00, 5.00, 50.00, 'Agotado');


-- ==============================
--            Bebidas
-- ==============================

INSERT INTO Insumos (id_insumo, nombreInsumo, descripcion, unidadMedida, categoria, stockMinimo, fecha, estado) VALUES
(105, 'Agua Natural', 'Agua natural', 'Litros', 'Bebidas', 5.00, '2025-11-01', 'Activo'),
(106, 'Jugo de Naranja', 'Jugo sabor naranja en caja', 'Mililitros', 'Bebidas', 5.00, '2025-11-01', 'Activo'),
(107, 'Jugo de Manzana', 'Jugo sabor manzana en caja', 'Mililitros', 'Bebidas', 5.00, '2025-11-01', 'Activo');

INSERT INTO Inventarios (id_insumo, cantidadActual, nivelMinimoAlerta, stockMaximo, estado) VALUES
(105, 0.00, 5.00, 50.00, 'Agotado'),
(106, 0.00, 5.00, 50.00, 'Agotado'),
(107, 0.00, 5.00, 50.00, 'Agotado');


-- ==============================
--            Enlatados
-- ==============================

INSERT INTO Insumos (id_insumo, nombreInsumo, descripcion, unidadMedida, categoria, stockMinimo, fecha, estado) VALUES
(108, 'Atún en lata', 'Atún en agua', 'Gramos', 'Enlatados', 2.00, '2025-11-01', 'Activo'),
(109, 'Sardinas en lata', 'Sardinas en aceite', 'Gramos', 'Enlatados', 2.00, '2025-11-01', 'Activo'),
(110, 'Choclo en lata', 'Maíz amarillo enlatado', 'Gramos', 'Enlatados', 3.00, '2025-11-01', 'Activo'),
(111, 'Arvejas en lata', 'Arvejas verdes cocidas', 'Gramos', 'Enlatados', 3.00, '2025-11-01', 'Activo'),
(112, 'Lentejas en lata', 'Lentejas cocidas listas para usar', 'Gramos', 'Enlatados', 3.00, '2025-11-01', 'Activo'),
(113, 'Duraznos en lata', 'Duraznos en almíbar', 'Gramos', 'Enlatados', 4.00, '2025-11-01', 'Activo'),
(114, 'Tomates en lata', 'Tomate perita triturado', 'Gramos', 'Enlatados', 5.00, '2025-11-01', 'Activo'),
(115, 'Salsa de tomate en lata', 'Salsa lista para cocinar', 'Mililitros', 'Enlatados', 4.00, '2025-11-01', 'Activo'),
(116, 'Jardinera en lata', 'Mix de verduras (zanahoria, arvejas, papa)', 'Gramos', 'Enlatados', 3.00, '2025-11-01', 'Activo'),
(117, 'Puré de tomate en lata', 'Concentrado de tomate', 'Mililitros', 'Enlatados', 5.00, '2025-11-01', 'Activo');

INSERT INTO Inventarios (id_insumo, cantidadActual, nivelMinimoAlerta, stockMaximo, estado) VALUES
(108, 25, 5, 80, 'Normal'),
(109, 20, 5, 60, 'Normal'),
(110, 30, 6, 100, 'Normal'),
(111, 28, 6, 100, 'Normal'),
(112, 25, 6, 100, 'Normal'),
(113, 18, 4, 60, 'Normal'),
(114, 40, 8, 120, 'Normal'),
(115, 35, 7, 110, 'Normal'),
(116, 22, 5, 70, 'Normal'),
(117, 42, 8, 120, 'Normal');


-- ==============================
--            Conservas
-- ==============================

INSERT INTO Insumos (id_insumo, nombreInsumo, descripcion, unidadMedida, categoria, stockMinimo, fecha, estado) VALUES
(118, 'Mermelada de durazno', 'Mermelada en frasco', 'Gramos', 'Conservas', 4.00, '2025-11-01', 'Activo'),
(119, 'Mermelada de frutilla', 'Mermelada en frasco', 'Gramos', 'Conservas', 4.00, '2025-11-01', 'Activo'),
(120, 'Mermelada de naranja', 'Mermelada cítrica', 'Gramos', 'Conservas', 4.00, '2025-11-01', 'Activo');

INSERT INTO Inventarios (id_insumo, cantidadActual, nivelMinimoAlerta, stockMaximo, estado) VALUES
(118, 22, 6, 80, 'Normal'),
(119, 24, 6, 80, 'Normal'),
(120, 20, 6, 80, 'Normal');

-- ==============================
--            Limpieza
-- ==============================

INSERT INTO Insumos (id_insumo, nombreInsumo, descripcion, unidadMedida, categoria, stockMinimo, fecha, estado) VALUES
(121, 'Lavandina', 'Lavandina concentrada para desinfección', 'Litros', 'Limpieza', 5.00, '2025-11-01', 'Activo'),
(122, 'Detergente', 'Detergente líquido para vajilla', 'Mililitros', 'Limpieza', 4.00, '2025-11-01', 'Activo'),
(123, 'Desinfectante', 'Desinfectante líquido para pisos', 'Mililitros', 'Limpieza', 4.00, '2025-11-01', 'Activo'),
(124, 'Desengrasante', 'Desengrasante para cocina', 'Mililitros', 'Limpieza', 4.00, '2025-11-01', 'Activo'),
(125, 'Jabón líquido de manos', 'Jabón para higiene personal', 'Mililitros', 'Limpieza', 4.00, '2025-11-01', 'Activo'),
(126, 'Esponjas', 'Esponjas multiuso para limpieza', 'Unidades', 'Limpieza', 3.00, '2025-11-01', 'Activo'),
(127, 'Fibras abrasivas', 'Fibra dura para lavado de utensilios', 'Unidades', 'Limpieza', 3.00, '2025-11-01', 'Activo'),
(128, 'Guantes de limpieza', 'Guantes de goma', 'Unidades', 'Limpieza', 3.00, '2025-11-01', 'Activo'),
(129, 'Trapos de piso', 'Pañoss para limpieza general', 'Unidades', 'Limpieza', 3.00, '2025-11-01', 'Activo'),
(130, 'Aromatizante', 'Aromatizante ambiental', 'Mililitros', 'Limpieza', 3.00, '2025-11-01', 'Activo'),
(131, 'Limpiahornos', 'Producto químico para hornos', 'Mililitros', 'Limpieza', 3.00, '2025-11-01', 'Activo'),
(132, 'Quitasarro', 'Removedor de sarro para baños y cocina', 'Mililitros', 'Limpieza', 3.00, '2025-11-01', 'Activo'),
(133, 'Desodorante de piso', 'Producto perfumante para pisos', 'Mililitros', 'Limpieza', 3.00, '2025-11-01', 'Activo');

INSERT INTO Inventarios (id_insumo, cantidadActual, nivelMinimoAlerta, stockMaximo, estado) VALUES
(121, 10, 5, 60, 'Normal'),
(122, 20, 4, 80, 'Normal'),
(123, 12, 4, 70, 'Normal'),
(124, 14, 4, 70, 'Normal'),
(125, 16, 4, 80, 'Normal'),
(126, 25, 3, 100, 'Normal'),
(127, 18, 3, 100, 'Normal'),
(128, 12, 3, 70, 'Normal'),
(129, 14, 3, 70, 'Normal'),
(130, 20, 3, 80, 'Normal'),
(131, 12, 3, 60, 'Normal'),
(132, 10, 3, 60, 'Normal'),
(133, 14, 3, 70, 'Normal');

-- ==============================
--            Descartables
-- ==============================

INSERT INTO Insumos (id_insumo, nombreInsumo, descripcion, unidadMedida, categoria, stockMinimo, fecha, estado) VALUES
(134, 'Vasos descartables 200ml', 'Vasos plásticos para bebidas', 'Unidades', 'Descartables', 5.00, '2025-11-01', 'Activo'),
(135, 'Vasos descartables 300ml', 'Vasos plásticos reforzados', 'Unidades', 'Descartables', 5.00, '2025-11-01', 'Activo'),
(136, 'Platos descartables', 'Platos plásticos profundos', 'Unidades', 'Descartables', 5.00, '2025-11-01', 'Activo'),
(137, 'Tenedores descartables', 'Tenedores plásticos', 'Unidades', 'Descartables', 4.00, '2025-11-01', 'Activo'),
(138, 'Cucharas descartables', 'Cucharas plásticas', 'Unidades', 'Descartables', 4.00, '2025-11-01', 'Activo'),
(139, 'Cuchillos descartables', 'Cuchillos plásticos', 'Unidades', 'Descartables', 4.00, '2025-11-01', 'Activo'),
(140, 'Servilletas de papel', 'Servilletas para comedor', 'Unidades', 'Descartables', 5.00, '2025-11-01', 'Activo'),
(141, 'Rollos de cocina', 'Papel absorbente', 'Unidades', 'Descartables', 3.00, '2025-11-01', 'Activo'),
(142, 'Manteles descartables', 'Manteles plásticos para mesas', 'Unidades', 'Descartables', 3.00, '2025-11-01', 'Activo'),
(143, 'Film transparente', 'Rollo de film para cocina', 'Metros', 'Descartables', 3.00, '2025-11-01', 'Activo'),
(144, 'Papel aluminio', 'Rollo de aluminio para cocina', 'Metros', 'Descartables', 3.00, '2025-11-01', 'Activo'),
(145, 'Bolsas de residuos 30L', 'Bolsas para cestos medianos', 'Unidades', 'Descartables', 3.00, '2025-11-01', 'Activo'),
(146, 'Bolsas de residuos 60L', 'Bolsas para cestos grandes', 'Unidades', 'Descartables', 3.00, '2025-11-01', 'Activo'),
(147, 'Bandejas descartables', 'Bandejas de plástico para servir alimentos', 'Unidades', 'Descartables', 3.00, '2025-11-01', 'Activo'),
(148, 'Envases plásticos con tapa', 'Envases descartables para alimentos', 'Unidades', 'Descartables', 3.00, '2025-11-01', 'Activo');

INSERT INTO Inventarios (id_insumo, cantidadActual, nivelMinimoAlerta, stockMaximo, estado) VALUES
(134, 200, 50, 600, 'Normal'),
(135, 180, 40, 500, 'Normal'),
(136, 150, 40, 400, 'Normal'),
(137, 300, 80, 800, 'Normal'),
(138, 300, 80, 800, 'Normal'),
(139, 250, 60, 700, 'Normal'),
(140, 500, 100, 1500, 'Normal'),
(141, 90, 20, 200, 'Normal'),
(142, 60, 20, 150, 'Normal'),
(143, 40, 10, 100, 'Normal'),
(144, 35, 10, 100, 'Normal'),
(145, 120, 30, 300, 'Normal'),
(146, 100, 30, 300, 'Normal'),
(147, 90, 20, 200, 'Normal'),
(148, 80, 20, 200, 'Normal');




-- ==============================
--            Otros
-- ==============================


